StateFIPS,State,CountyFIPS,County,Start Year,End Year,CancerIncidence,Data Comment,Unnamed: 8,BingeDrinking,CoronaryHeartDisease,Diabetes,Asthma,Obesity,BelowPoverty,Smoking,AirQuality
1,Alabama,01003,Baldwin,2015,2019,10.19,,,15.75,7.65,11.95,9.15,29.85,9.95,18.2,7.3
1,Alabama,01027,Clay,2015,2019,7.75,,,12.600000000000001,10.2,16.25,10.7,36.55,17.1,23.85,7.2
1,Alabama,01033,Colbert,2015,2019,7.84,,,13.5,8.8,14.4,10.05,37.0,14.2,20.65,7.5
1,Alabama,01049,DeKalb,2015,2019,8.84,,,12.649999999999999,9.75,15.1,10.6,35.4,19.75,24.4,7.25
1,Alabama,01055,Etowah,2015,2019,9.43,,,12.95,8.9,14.7,10.2,35.8,18.15,22.3,8.05
1,Alabama,01069,Houston,2015,2019,8.6,,,12.4,8.6,15.4,10.45,37.599999999999994,17.95,21.3,7.9
1,Alabama,01073,Jefferson,2015,2019,8.55,,,14.6,7.15,13.7,9.85,34.3,16.15,17.6,10.45
1,Alabama,01089,Madison,2015,2019,7.4,,,14.35,6.65,11.95,9.6,32.75,11.7,16.2,7.45
1,Alabama,01097,Mobile,2015,2019,10.41,,,14.45,8.25,14.600000000000001,10.2,36.65,19.25,20.5,8.2
1,Alabama,01101,Montgomery,2015,2019,8.06,,,12.350000000000001,7.449999999999999,15.5,10.4,36.95,17.950000000000003,19.5,8.75
1,Alabama,01103,Morgan,2015,2019,7.46,,,12.850000000000001,8.25,13.5,9.85,36.05,13.45,20.1,7.5
1,Alabama,01113,Russell,2015,2019,6.68,,,12.9,7.75,15.7,10.95,38.5,20.299999999999997,21.95,9.45
1,Alabama,01125,Tuscaloosa,2015,2019,8.69,,,15.2,6.2,11.8,10.2,35.35,16.5,19.200000000000003,7.800000000000001
2,Alaska,02020,Anchorage,2015,2019,9.3,,,17.75,4.8,8.5,9.15,29.15,9.5,16.4,6.8
2,Alaska,02090,Fairbanks North Star,2015,2019,8.17,,,18.25,4.5,7.5,9.25,29.8,7.9,17.55,13.5
2,Alaska,02110,Juneau,2015,2019,10.2,,,18.45,5.15,8.3,9.05,26.45,6.8,15.700000000000001,6.85
2,Alaska,02170,Matanuska-Susitna,2015,2019,9.35,,,17.1,5.6,8.75,9.75,31.55,10.0,20.3,5.6
4,Arizona,04001,Apache,2015,2019,9.97,,,13.5,10.5,17.25,14.05,35.7,35.349999999999994,23.5,2.55
4,Arizona,04003,Cochise,2015,2019,9.69,,,15.2,7.95,12.6,9.95,32.75,15.850000000000001,16.3,5.35
4,Arizona,04012,La Paz,2015,2019,8.49,,,11.55,13.15,17.35,10.3,34.900000000000006,22.9,17.2,4.199999999999999
4,Arizona,04013,Maricopa,2015,2019,7.73,,,16.4,5.95,10.0,9.75,30.3,12.25,14.649999999999999,9.25
4,Arizona,04019,Pima,2015,2019,7.92,,,16.25,6.85,10.55,9.95,29.299999999999997,15.1,14.65,4.699999999999999
4,Arizona,04021,Pinal,2015,2019,7.75,,,16.2,7.25,12.899999999999999,10.1,36.0,12.5,17.45,12.0
4,Arizona,04023,Santa Cruz,2015,2019,9.56,,,13.8,7.949999999999999,16.2,9.3,36.35,21.6,14.3,8.65
4,Arizona,04027,Yuma,2015,2019,8.04,,,14.9,7.75,13.3,9.75,37.0,19.95,14.95,8.3
5,Arkansas,05001,Arkansas,2015,2019,8.43,,,12.55,9.75,14.95,10.5,37.65,16.85,22.85,8.100000000000001
5,Arkansas,05003,Ashley,2015,2019,10.36,,,12.8,10.15,16.15,10.45,38.599999999999994,19.05,23.5,8.149999999999999
5,Arkansas,05035,Crittenden,2015,2019,9.23,,,12.5,8.45,15.75,11.3,40.400000000000006,20.799999999999997,23.5,8.55
5,Arkansas,05051,Garland,2015,2019,8.54,,,13.4,9.850000000000001,14.0,9.6,33.8,18.65,20.15,8.65
5,Arkansas,05067,Jackson,2015,2019,8.68,,,13.350000000000001,10.0,15.15,10.95,38.7,24.25,26.549999999999997,8.05
5,Arkansas,05113,Polk,2015,2019,7.7,,,12.1,11.45,15.6,10.2,35.25,20.1,22.9,8.6
5,Arkansas,05119,Pulaski,2015,2019,9.39,,,14.4,7.199999999999999,12.7,10.0,34.8,15.649999999999999,18.799999999999997,10.0
5,Arkansas,05139,Union,2015,2019,10.39,,,12.95,8.9,14.7,10.350000000000001,36.8,18.549999999999997,21.1,8.9
5,Arkansas,05143,Washington,2015,2019,7.27,,,16.950000000000003,6.4,9.95,9.6,32.55,15.149999999999999,19.4,8.2
6,California,06001,Alameda,2015,2019,10.5,,,16.15,4.45,9.350000000000001,8.15,23.549999999999997,8.95,10.7,11.9
6,California,06007,Butte,2015,2019,9.73,,,18.3,6.6,10.35,10.0,30.9,17.3,14.45,10.35
6,California,06009,Calaveras,2015,2019,11.16,,,16.15,8.2,12.2,9.55,28.450000000000003,12.1,13.8,10.05
6,California,06011,Colusa,2015,2019,9.96,,,17.5,6.35,12.1,9.35,31.3,11.5,14.4,9.15
6,California,06013,Contra Costa,2015,2019,10.66,,,16.5,5.1,10.05,8.7,23.6,7.85,10.5,10.6
6,California,06019,Fresno,2015,2019,11.34,,,16.4,6.1,12.45,9.7,35.3,20.9,15.05,14.4
6,California,06023,Humboldt,2015,2019,9.47,,,18.25,6.7,10.25,10.3,26.7,19.700000000000003,15.350000000000001,7.25
6,California,06025,Imperial,2015,2019,9.93,,,17.1,6.449999999999999,14.399999999999999,9.15,35.849999999999994,21.7,14.25,12.15
6,California,06027,Inyo,2015,2019,9.93,,,17.15,7.45,11.6,9.35,27.6,12.0,13.5,6.35
6,California,06029,Kern,2015,2019,9.52,,,17.1,5.949999999999999,12.15,9.8,34.3,19.75,16.05,16.2
6,California,06031,Kings,2015,2019,10.77,,,19.4,5.55,11.5,9.399999999999999,34.400000000000006,17.4,15.8,15.0
6,California,06033,Lake,2015,2019,9.37,,,15.6,8.649999999999999,13.25,10.2,31.2,18.35,16.450000000000003,6.2
6,California,06037,Los Angeles,2015,2019,9.41,,,16.700000000000003,5.15,11.55,8.0,27.1,13.8,11.8,14.05
6,California,06039,Madera,2015,2019,12.22,,,16.5,6.550000000000001,12.649999999999999,9.8,32.55,18.9,15.25,11.8
6,California,06041,Marin,2015,2019,10.35,,,16.5,5.85,9.2,8.45,22.1,6.75,9.1,8.75
6,California,06045,Mendocino,2015,2019,9.5,,,17.35,7.699999999999999,12.399999999999999,9.8,29.65,15.75,15.05,8.65
6,California,06047,Merced,2015,2019,11.17,,,16.85,6.050000000000001,12.5,9.7,35.099999999999994,19.1,15.350000000000001,12.35
6,California,06051,Mono,2015,2019,11.67,,,19.7,5.75,9.6,9.0,28.45,9.7,13.45,8.5
6,California,06053,Monterey,2015,2019,10.64,,,17.85,5.699999999999999,11.2,8.95,29.950000000000003,12.95,12.8,6.4
6,California,06055,Napa,2015,2019,10.08,,,17.9,5.8,10.149999999999999,8.600000000000001,26.85,8.100000000000001,11.2,5.9
6,California,06057,Nevada,2015,2019,7.46,,,16.85,7.65,10.8,9.15,23.700000000000003,9.850000000000001,11.95,6.55
6,California,06059,Orange,2015,2019,9.48,,,16.8,5.05,10.35,7.85,23.0,10.0,10.55,10.45
6,California,06061,Placer,2015,2019,9.65,,,17.6,5.7,9.05,8.75,23.3,6.85,10.85,9.6
6,California,06063,Plumas,2015,2019,8.79,,,16.45,8.15,11.9,9.5,27.450000000000003,12.85,13.4,13.399999999999999
6,California,06065,Riverside,2015,2019,9.69,,,16.85,5.65,11.399999999999999,8.8,30.950000000000003,12.0,12.9,13.45
6,California,06067,Sacramento,2015,2019,10.24,,,19.200000000000003,5.449999999999999,10.5,9.95,28.05,13.45,13.65,10.600000000000001
6,California,06069,San Benito,2015,2019,10.88,,,18.25,5.199999999999999,10.75,8.75,29.15,9.5,12.45,6.050000000000001
6,California,06071,San Bernardino,2015,2019,9.19,,,17.2,5.3,12.05,9.25,33.85,14.100000000000001,14.2,16.6
6,California,06073,San Diego,2015,2019,9.52,,,19.25,4.9,9.45,8.25,23.950000000000003,10.9,12.0,13.35
6,California,06075,San Francisco,2015,2019,10.0,,,20.75,4.35,8.850000000000001,7.55,16.6,9.8,10.649999999999999,9.7
6,California,06077,San Joaquin,2015,2019,10.36,,,17.35,5.8,11.7,9.5,32.5,13.95,14.350000000000001,13.75
6,California,06079,San Luis Obispo,2015,2019,9.87,,,19.65,5.949999999999999,9.55,9.2,26.05,12.149999999999999,11.7,7.9
6,California,06081,San Mateo,2015,2019,10.57,,,17.5,4.699999999999999,9.45,7.699999999999999,21.1,6.449999999999999,9.649999999999999,8.8
6,California,06083,Santa Barbara,2015,2019,9.31,,,18.4,5.4,9.75,9.0,25.6,12.3,11.85,7.699999999999999
6,California,06085,Santa Clara,2015,2019,9.94,,,15.799999999999999,4.2,9.3,7.35,20.25,6.699999999999999,9.25,11.05
6,California,06087,Santa Cruz,2015,2019,9.8,,,18.5,5.35,9.45,9.100000000000001,24.6,11.399999999999999,11.4,7.4
6,California,06089,Shasta,2015,2019,8.31,,,17.3,7.4,11.0,9.85,27.200000000000003,14.25,15.700000000000001,11.3
6,California,06093,Siskiyou,2015,2019,9.29,,,15.950000000000001,8.75,12.9,10.0,29.85,17.25,15.15,10.15
6,California,06095,Solano,2015,2019,9.89,,,17.8,5.4,10.85,9.2,28.9,8.45,12.75,11.25
6,California,06097,Sonoma,2015,2019,9.12,,,17.85,5.85,9.75,9.149999999999999,26.200000000000003,8.55,11.75,7.0
6,California,06099,Stanislaus,2015,2019,10.46,,,18.05,5.95,11.35,9.7,31.7,14.3,14.95,13.899999999999999
6,California,06101,Sutter,2015,2019,10.22,,,17.15,6.5,11.899999999999999,9.35,28.15,13.15,15.0,9.350000000000001
6,California,06103,Tehama,2015,2019,8.57,,,16.6,8.2,12.850000000000001,10.25,34.55,16.65,16.700000000000003,7.95
6,California,06107,Tulare,2015,2019,11.41,,,16.0,6.4,13.1,9.8,35.1,20.549999999999997,16.2,15.100000000000001
6,California,06111,Ventura,2015,2019,9.39,,,17.1,5.4,9.95,8.55,25.65,8.649999999999999,11.3,9.0
6,California,06113,Yolo,2015,2019,11.4,,,17.95,4.8,9.1,9.15,26.15,18.5,12.15,10.3
8,Colorado,08001,Adams,2015,2019,8.65,,,18.6,4.5,8.399999999999999,9.3,30.7,9.25,17.2,9.75
8,Colorado,08005,Arapahoe,2015,2019,8.5,,,17.75,4.45,7.800000000000001,9.25,24.15,7.65,14.3,6.15
8,Colorado,08013,Boulder,2015,2019,6.54,,,18.1,4.35,6.5,8.65,17.2,10.2,11.45,7.75
8,Colorado,08029,Delta,2015,2019,7.32,,,14.25,8.9,12.05,10.0,27.75,14.85,18.8,3.7
8,Colorado,08031,Denver,2015,2019,9.1,,,23.950000000000003,4.199999999999999,7.05,9.05,22.3,11.899999999999999,14.950000000000001,9.6
8,Colorado,08035,Douglas,2015,2019,6.77,,,17.1,3.9000000000000004,6.050000000000001,8.6,21.0,2.6500000000000004,10.4,6.85
8,Colorado,08041,El Paso,2015,2019,6.63,,,16.4,4.7,7.35,9.6,24.2,9.350000000000001,14.649999999999999,5.6
8,Colorado,08045,Garfield,2015,2019,6.98,,,17.35,5.05,7.9,9.100000000000001,24.200000000000003,9.0,15.950000000000001,4.15
8,Colorado,08067,La Plata,2015,2019,7.11,,,18.35,5.45,7.8,9.350000000000001,22.65,10.25,14.8,13.8
8,Colorado,08069,Larimer,2015,2019,6.09,,,19.75,4.65,6.65,9.2,21.65,10.4,13.55,6.85
8,Colorado,08077,Mesa,2015,2019,6.76,,,16.7,6.55,9.25,9.6,28.15,12.8,17.35,5.45
8,Colorado,08101,Pueblo,2015,2019,7.51,,,15.45,6.65,11.3,9.65,31.7,17.5,18.200000000000003,5.45
8,Colorado,08103,Rio Blanco,2015,2019,7.34,,,17.5,6.25,8.8,9.7,24.950000000000003,10.55,17.45,8.2
8,Colorado,08123,Weld,2015,2019,7.03,,,17.95,4.75,8.45,9.15,28.5,9.45,16.1,9.3
9,Connecticut,09001,Fairfield,2015,2019,7.45,,,16.9,5.1,8.7,8.600000000000001,23.85,9.5,11.0,7.95
9,Connecticut,09003,Hartford,2015,2019,8.21,,,15.5,5.699999999999999,9.95,10.2,29.450000000000003,11.0,13.3,7.949999999999999
9,Connecticut,09005,Litchfield,2015,2019,7.93,,,15.9,6.5,9.3,9.65,26.05,7.0,13.65,4.65
9,Connecticut,09009,New Haven,2015,2019,7.79,,,16.5,5.85,10.7,10.899999999999999,31.35,11.8,14.75,8.25
9,Connecticut,09011,New London,2015,2019,7.84,,,17.7,6.2,9.8,10.05,30.45,8.8,13.95,6.2
10,Delaware,10001,Kent,2015,2019,8.96,,,16.25,7.1,13.649999999999999,10.899999999999999,40.599999999999994,13.25,18.5,7.199999999999999
10,Delaware,10003,New Castle,2015,2019,8.54,,,17.8,5.699999999999999,11.25,9.45,33.05,11.0,16.6,8.6
10,Delaware,10005,Sussex,2015,2019,7.93,,,14.2,9.5,13.75,9.45,34.9,12.2,16.65,7.55
11,District of Columbia,11001,District of Columbia,2015,2019,7.57,,,22.9,4.15,8.399999999999999,10.35,25.85,15.100000000000001,15.25,9.2
12,Florida,12001,Alachua,2015,2019,9.06,,,18.700000000000003,5.8,9.95,9.2,29.15,19.1,15.700000000000001,6.65
12,Florida,12009,Brevard,2015,2019,8.8,,,16.15,8.55,13.05,8.45,30.75,10.2,17.549999999999997,5.800000000000001
12,Florida,12011,Broward,2015,2019,7.01,,,16.55,6.699999999999999,13.25,8.25,30.450000000000003,12.45,15.65,9.0
12,Florida,12031,Duval,2015,2019,10.01,,,17.1,6.6,12.600000000000001,9.3,33.7,14.0,18.85,8.649999999999999
12,Florida,12033,Escambia,2015,2019,8.77,,,17.85,7.15,12.2,9.25,30.6,15.1,18.85,8.0
12,Florida,12057,Hillsborough,2015,2019,8.72,,,17.299999999999997,6.25,12.05,8.3,31.45,14.1,16.85,8.0
12,Florida,12071,Lee,2015,2019,7.21,,,16.85,9.2,13.100000000000001,8.25,27.1,11.649999999999999,16.75,7.4
12,Florida,12073,Leon,2015,2019,8.06,,,18.65,5.6,9.55,9.25,29.1,20.75,16.25,7.5
12,Florida,12086,Miami-Dade,2015,2019,7.51,,,16.1,7.0,14.899999999999999,7.75,29.9,15.85,14.399999999999999,8.05
12,Florida,12095,Orange,2015,2019,8.86,,,17.75,5.7,11.25,8.600000000000001,32.85,14.1,15.7,6.65
12,Florida,12099,Palm Beach,2015,2019,6.39,,,16.5,8.0,13.1,8.05,27.9,11.8,14.6,6.5
12,Florida,12103,Pinellas,2015,2019,9.19,,,17.5,8.65,12.350000000000001,8.65,30.2,11.55,18.2,7.550000000000001
12,Florida,12105,Polk,2015,2019,8.78,,,15.55,8.45,13.85,8.95,34.75,14.85,18.65,7.45
12,Florida,12115,Sarasota,2015,2019,6.78,,,15.2,9.95,12.899999999999999,7.9,24.5,9.05,14.899999999999999,6.75
12,Florida,12117,Seminole,2015,2019,8.63,,,18.0,6.0,10.850000000000001,8.15,28.25,9.600000000000001,14.7,6.7
12,Florida,12127,Volusia,2015,2019,8.56,,,17.3,8.85,14.05,8.45,31.9,13.149999999999999,19.1,7.35
13,Georgia,13021,Bibb,2015,2019,8.12,,,13.399999999999999,7.75,16.049999999999997,10.65,38.2,23.95,20.75,8.8
13,Georgia,13051,Chatham,2015,2019,8.92,,,17.049999999999997,6.25,12.5,9.45,32.25,14.600000000000001,17.25,8.7
13,Georgia,13059,Clarke,2015,2019,9.27,,,18.25,5.45,10.45,10.1,31.0,26.35,17.5,9.25
13,Georgia,13063,Clayton,2015,2019,8.91,,,13.1,5.949999999999999,15.4,10.8,40.35,16.8,19.9,8.5
13,Georgia,13067,Cobb,2015,2019,8.21,,,17.3,5.1,10.1,8.6,29.4,8.7,14.1,8.3
13,Georgia,13069,Coffee,2015,2019,7.77,,,15.5,7.75,14.6,10.149999999999999,35.75,22.049999999999997,23.8,6.550000000000001
13,Georgia,13089,DeKalb,2015,2019,8.95,,,16.45,5.5,12.95,9.2,31.2,13.600000000000001,15.5,9.35
13,Georgia,13095,Dougherty,2015,2019,8.07,,,12.55,8.0,17.2,11.3,39.0,28.55,21.7,9.7
13,Georgia,13121,Fulton,2015,2019,8.58,,,17.45,5.0,10.399999999999999,8.6,27.95,13.65,13.85,9.35
13,Georgia,13127,Glynn,2015,2019,6.55,,,14.7,8.0,13.7,9.5,32.0,16.0,18.25,6.949999999999999
13,Georgia,13135,Gwinnett,2015,2019,8.66,,,16.2,5.199999999999999,11.399999999999999,8.25,32.4,9.2,14.75,10.45
13,Georgia,13139,Hall,2015,2019,8.41,,,15.75,6.95,12.45,8.8,32.45,13.35,17.5,8.55
13,Georgia,13153,Houston,2015,2019,8.07,,,14.95,6.2,12.75,9.55,34.8,11.55,18.15,9.8
13,Georgia,13185,Lowndes,2015,2019,7.31,,,15.6,6.5,12.75,10.45,33.5,23.15,19.200000000000003,7.25
13,Georgia,13215,Muscogee,2015,2019,6.64,,,15.45,6.65,14.05,9.850000000000001,37.4,19.25,19.9,8.8
13,Georgia,13245,Richmond,2015,2019,7.46,,,15.4,7.3,15.600000000000001,10.5,37.650000000000006,21.799999999999997,21.05,10.3
13,Georgia,13295,Walker,2015,2019,8.74,,,15.1,8.7,13.45,9.600000000000001,32.2,15.1,22.2,9.25
13,Georgia,13303,Washington,2015,2019,8.07,,,13.7,8.85,17.4,10.55,39.05,23.65,23.25,7.6499999999999995
15,Hawaii,15001,Hawaii,2015,2019,9.02,,,18.95,7.449999999999999,11.95,10.100000000000001,25.25,14.35,17.15,7.449999999999999
15,Hawaii,15003,Honolulu,2015,2019,10.96,,,18.2,5.35,11.45,9.05,24.450000000000003,7.800000000000001,13.649999999999999,3.8
15,Hawaii,15007,Kauai,2015,2019,5.97,,,18.75,6.2,11.45,9.05,23.799999999999997,8.9,14.5,2.75
15,Hawaii,15009,Maui,2015,2019,9.4,,,18.799999999999997,6.0,10.7,9.0,23.450000000000003,9.649999999999999,15.399999999999999,4.3
16,Idaho,16001,Ada,2015,2019,8.61,,,18.35,5.4,8.85,8.8,26.75,9.55,14.1,6.6
16,Idaho,16009,Benewah,2015,2019,7.63,,,13.95,9.600000000000001,14.05,10.4,31.7,15.05,19.95,9.9
16,Idaho,16027,Canyon,2015,2019,8.76,,,16.15,6.55,11.850000000000001,10.100000000000001,34.849999999999994,10.8,18.05,8.15
16,Idaho,16041,Franklin,2015,2019,6.66,,,15.45,6.65,10.15,9.6,28.950000000000003,8.5,16.6,6.25
16,Idaho,16053,Jerome,2015,2019,5.35,,,15.850000000000001,6.9,11.95,9.8,32.5,13.35,18.65,4.95
16,Idaho,16059,Lemhi,2015,2019,6.19,,,13.2,10.399999999999999,14.05,9.7,33.9,14.1,16.65,8.8
16,Idaho,16079,Shoshone,2015,2019,8.28,,,13.8,9.850000000000001,14.25,10.6,32.6,18.950000000000003,21.1,10.85
17,Illinois,17019,Champaign,2015,2019,6.63,,,20.700000000000003,5.15,8.75,9.45,30.45,19.549999999999997,15.3,8.2
17,Illinois,17031,Cook,2015,2019,8.33,,,21.0,5.6,10.850000000000001,8.95,29.55,13.4,15.3,11.100000000000001
17,Illinois,17043,DuPage,2015,2019,8.45,,,18.2,5.2,9.2,7.95,26.15,6.3,12.45,10.5
17,Illinois,17065,Hamilton,2015,2019,6.95,,,18.799999999999997,8.25,11.8,9.5,34.150000000000006,12.5,19.200000000000003,8.600000000000001
17,Illinois,17083,Jersey,2015,2019,7.49,,,19.55,7.35,10.85,9.35,34.2,9.65,18.4,8.15
17,Illinois,17089,Kane,2015,2019,8.44,,,20.05,5.6,10.7,8.55,34.15,8.399999999999999,15.350000000000001,8.95
17,Illinois,17115,Macon,2015,2019,9.88,,,18.0,8.0,12.55,10.0,35.8,17.049999999999997,19.4,9.95
17,Illinois,17119,Madison,2015,2019,8.58,,,20.5,6.9,11.0,9.45,35.7,12.350000000000001,19.0,11.2
17,Illinois,17111,McHenry,2015,2019,8.55,,,20.15,5.7,9.45,8.75,31.950000000000003,5.65,15.4,8.0
17,Illinois,17113,McLean,2015,2019,6.91,,,21.25,5.3,8.6,9.15,30.55,14.350000000000001,15.600000000000001,9.65
17,Illinois,17143,Peoria,2015,2019,7.66,,,17.700000000000003,6.949999999999999,11.55,9.8,38.2,15.700000000000001,17.6,8.7
17,Illinois,17157,Randolph,2015,2019,8.84,,,19.7,8.05,12.15,9.600000000000001,37.5,13.25,22.0,7.75
17,Illinois,17161,Rock Island,2015,2019,8.34,,,18.65,7.4,11.75,9.25,34.55,13.899999999999999,18.65,8.75
17,Illinois,17167,Sangamon,2015,2019,10.2,,,19.85,6.949999999999999,10.9,9.65,34.45,12.649999999999999,17.85,8.85
17,Illinois,17163,St. Clair,2015,2019,8.96,,,18.5,6.9,12.45,10.2,39.15,14.05,18.4,9.7
17,Illinois,17197,Will,2015,2019,8.64,,,20.25,5.3,10.0,8.9,33.15,6.45,14.95,9.75
17,Illinois,17201,Winnebago,2015,2019,7.06,,,18.1,7.35,12.05,9.7,35.4,16.1,18.9,10.3
18,Indiana,18003,Allen,2015,2019,6.84,,,15.55,6.85,12.05,10.0,37.95,12.0,20.6,9.05
18,Indiana,18005,Bartholomew,2015,2019,7.62,,,15.25,6.8,11.600000000000001,9.3,34.0,10.649999999999999,19.549999999999997,7.2
18,Indiana,18019,Clark,2015,2019,8.79,,,15.65,6.949999999999999,12.100000000000001,10.1,37.599999999999994,10.45,21.450000000000003,8.25
18,Indiana,18035,Delaware,2015,2019,6.88,,,16.45,7.449999999999999,12.2,10.850000000000001,35.05,22.0,21.4,8.3
18,Indiana,18037,Dubois,2015,2019,6.14,,,15.649999999999999,7.3,11.6,9.55,34.05,6.75,19.6,8.65
18,Indiana,18039,Elkhart,2015,2019,6.28,,,14.9,7.05,12.2,10.05,35.45,10.55,20.799999999999997,8.149999999999999
18,Indiana,18055,Greene,2015,2019,8.26,,,14.899999999999999,8.75,13.8,10.25,37.5,13.75,23.0,7.949999999999999
18,Indiana,18057,Hamilton,2015,2019,9.0,,,17.4,4.85,8.75,8.55,27.2,4.2,13.399999999999999,9.2
18,Indiana,18065,Henry,2015,2019,7.28,,,15.7,8.55,13.15,10.2,36.9,13.65,23.299999999999997,7.800000000000001
18,Indiana,18067,Howard,2015,2019,7.61,,,14.25,8.2,13.3,10.3,35.75,12.25,22.2,7.65
18,Indiana,18089,Lake,2015,2019,8.89,,,16.0,7.25,14.45,9.899999999999999,39.5,15.1,20.45,10.55
18,Indiana,18091,LaPorte,2015,2019,6.6,,,15.65,8.2,14.25,10.350000000000001,38.1,14.55,24.5,7.65
18,Indiana,18095,Madison,2015,2019,6.35,,,15.1,8.2,14.149999999999999,11.1,40.05,15.05,24.05,8.65
18,Indiana,18097,Marion,2015,2019,8.94,,,17.6,6.35,12.45,10.5,33.3,16.2,20.3,11.8
18,Indiana,18105,Monroe,2015,2019,8.15,,,17.549999999999997,5.5,9.2,9.95,27.75,21.1,17.8,8.5
18,Indiana,18127,Porter,2015,2019,8.95,,,17.6,6.7,11.85,9.3,34.849999999999994,8.5,19.05,8.3
18,Indiana,18147,Spencer,2015,2019,6.44,,,15.600000000000001,8.100000000000001,12.8,9.8,33.900000000000006,8.95,21.700000000000003,8.25
18,Indiana,18141,St. Joseph,2015,2019,6.53,,,16.2,6.9,12.05,10.149999999999999,36.55,14.4,19.65,9.15
18,Indiana,18153,Sullivan,2015,2019,7.64,,,16.35,8.05,13.1,10.2,38.0,14.05,24.5,8.45
18,Indiana,18157,Tippecanoe,2015,2019,5.79,,,17.6,5.25,9.35,9.8,29.049999999999997,17.1,17.35,8.7
18,Indiana,18163,Vanderburgh,2015,2019,7.81,,,17.5,7.4,12.55,10.3,34.8,14.75,21.7,9.0
18,Indiana,18167,Vigo,2015,2019,8.35,,,16.85,7.449999999999999,11.95,10.25,34.150000000000006,20.0,22.45,9.8
18,Indiana,18183,Whitley,2015,2019,6.56,,,15.75,7.4,11.95,9.7,32.95,7.4,20.15,8.25
19,Iowa,19013,Black Hawk,2015,2019,7.15,,,23.35,6.5,10.05,8.9,34.55,15.0,17.75,7.949999999999999
19,Iowa,19045,Clinton,2015,2019,8.47,,,21.45,7.95,11.8,9.0,35.25,12.8,18.950000000000003,9.0
19,Iowa,19103,Johnson,2015,2019,8.69,,,24.15,4.65,7.5,8.35,27.6,15.9,13.6,8.8
19,Iowa,19111,Lee,2015,2019,7.3,,,20.4,8.0,12.2,8.85,37.2,14.8,19.85,8.65
19,Iowa,19113,Linn,2015,2019,8.34,,,21.45,5.949999999999999,9.25,8.5,35.0,10.25,16.55,9.1
19,Iowa,19137,Montgomery,2015,2019,7.26,,,19.450000000000003,8.649999999999999,12.4,8.8,36.599999999999994,13.55,19.55,6.7
19,Iowa,19139,Muscatine,2015,2019,8.39,,,20.950000000000003,6.7,10.85,8.35,38.650000000000006,10.95,17.5,8.5
19,Iowa,19147,Palo Alto,2015,2019,5.81,,,20.35,7.5,10.75,8.2,36.0,10.399999999999999,15.850000000000001,6.85
19,Iowa,19153,Polk,2015,2019,6.75,,,23.15,5.6,9.149999999999999,8.1,35.25,10.0,17.4,7.8
19,Iowa,19155,Pottawattamie,2015,2019,7.08,,,20.45,7.0,10.85,8.95,38.55,11.4,20.0,8.35
19,Iowa,19163,Scott,2015,2019,8.68,,,20.5,6.35,10.5,8.85,35.6,12.100000000000001,17.200000000000003,9.25
19,Iowa,19177,Van Buren,2015,2019,7.4,,,19.200000000000003,8.75,12.55,8.8,37.3,12.95,19.7,7.300000000000001
19,Iowa,19193,Woodbury,2015,2019,6.71,,,20.5,6.4,10.85,8.5,36.75,13.3,18.9,7.8500000000000005
21,Kentucky,21013,Bell,2015,2019,8.58,,,11.35,13.15,18.55,12.25,42.5,30.8,31.9,7.449999999999999
21,Kentucky,21019,Boyd,2015,2019,9.44,,,12.6,9.9,15.3,10.6,42.099999999999994,19.450000000000003,23.85,7.85
21,Kentucky,21037,Campbell,2015,2019,8.64,,,16.55,7.25,11.4,9.65,36.05,12.0,19.700000000000003,8.45
21,Kentucky,21043,Carter,2015,2019,9.95,,,12.8,11.0,16.3,11.350000000000001,41.35,25.55,27.05,6.0
21,Kentucky,21047,Christian,2015,2019,8.04,,,15.75,7.35,12.65,10.6,38.2,18.549999999999997,24.85,8.3
21,Kentucky,21059,Daviess,2015,2019,7.28,,,15.0,8.850000000000001,13.600000000000001,9.95,34.55,15.350000000000001,22.05,8.899999999999999
21,Kentucky,21067,Fayette,2015,2019,8.84,,,17.3,6.45,11.2,10.0,32.2,15.0,17.15,8.399999999999999
21,Kentucky,21093,Hardin,2015,2019,8.97,,,14.15,7.5,12.9,10.25,39.75,12.05,22.5,7.8
21,Kentucky,21101,Henderson,2015,2019,7.83,,,14.149999999999999,9.25,14.8,10.5,39.7,16.3,24.5,9.8
21,Kentucky,21111,Jefferson,2015,2019,8.73,,,17.3,7.699999999999999,12.350000000000001,10.05,32.95,14.8,22.15,10.4
21,Kentucky,21145,McCracken,2015,2019,7.65,,,13.5,9.149999999999999,14.45,10.05,36.85,15.1,20.799999999999997,9.65
21,Kentucky,21193,Perry,2015,2019,8.28,,,11.4,10.95,16.1,11.25,42.45,26.549999999999997,28.75,7.45
21,Kentucky,21195,Pike,2015,2019,7.84,,,11.95,11.2,16.6,11.2,43.15,23.9,27.85,7.1
21,Kentucky,21199,Pulaski,2015,2019,7.69,,,12.5,10.4,15.450000000000001,10.9,38.55,21.0,24.65,7.25
21,Kentucky,21227,Warren,2015,2019,8.66,,,15.1,6.85,11.1,10.25,32.0,15.95,21.05,8.2
22,Louisiana,22017,Caddo,2015,2019,10.1,,,15.1,8.35,15.35,10.3,41.95,23.25,21.9,10.75
22,Louisiana,22019,Calcasieu,2015,2019,10.37,,,18.85,7.3,12.5,9.55,38.599999999999994,16.9,22.1,7.35
22,Louisiana,22033,East Baton Rouge,2015,2019,11.1,,,19.25,6.35,12.2,9.1,36.45,17.2,18.45,10.0
22,Louisiana,22047,Iberville,2015,2019,11.14,,,16.9,8.25,15.3,10.1,41.7,21.25,23.75,8.65
22,Louisiana,22051,Jefferson,2015,2019,11.34,,,18.5,7.35,13.399999999999999,8.850000000000001,35.2,15.1,19.0,7.85
22,Louisiana,22055,Lafayette,2015,2019,10.37,,,20.200000000000003,6.7,11.7,9.2,33.85,15.950000000000001,20.85,8.15
22,Louisiana,22071,Orleans,2015,2019,11.81,,,19.299999999999997,7.0,14.25,9.649999999999999,33.65,23.65,20.7,8.1
22,Louisiana,22073,Ouachita,2015,2019,6.36,,,17.4,8.05,13.95,10.0,39.1,22.6,23.0,7.550000000000001
22,Louisiana,22079,Rapides,2015,2019,8.16,,,17.15,8.3,14.45,9.8,38.7,18.85,22.65,7.85
22,Louisiana,22087,St. Bernard,2015,2019,12.04,,,18.1,7.45,13.0,9.75,37.3,19.65,25.15,8.2
22,Louisiana,22105,Tangipahoa,2015,2019,10.63,,,17.6,7.85,13.3,10.05,39.5,19.799999999999997,23.05,7.6
22,Louisiana,22109,Terrebonne,2015,2019,12.13,,,18.2,8.5,13.6,10.0,40.0,18.15,25.15,7.35
22,Louisiana,22121,West Baton Rouge,2015,2019,11.82,,,18.8,6.9,12.7,9.5,36.5,13.600000000000001,21.5,9.100000000000001
23,Maine,23001,Androscoggin,2015,2019,6.69,,,17.15,7.75,11.0,10.95,32.900000000000006,11.350000000000001,19.95,5.199999999999999
23,Maine,23003,Aroostook,2015,2019,5.55,,,13.05,10.2,14.100000000000001,11.9,37.8,15.4,20.6,6.95
23,Maine,23005,Cumberland,2015,2019,6.73,,,19.6,6.4,8.399999999999999,10.5,25.15,8.0,13.65,8.1
23,Maine,23009,Hancock,2015,2019,5.71,,,15.25,8.399999999999999,10.5,10.6,31.4,11.1,16.700000000000003,3.7
23,Maine,23011,Kennebec,2015,2019,6.43,,,15.1,8.100000000000001,10.600000000000001,10.9,33.349999999999994,11.35,19.75,5.1
23,Maine,23017,Oxford,2015,2019,6.84,,,15.950000000000001,8.95,11.75,11.2,32.55,14.85,20.35,5.449999999999999
23,Maine,23019,Penobscot,2015,2019,5.34,,,16.45,7.949999999999999,11.05,11.8,33.7,13.55,20.0,4.8
24,Maryland,24005,Baltimore,2015,2019,9.2,,,14.350000000000001,6.0,11.45,9.6,32.2,9.4,14.85,8.149999999999999
24,Maryland,24510,Baltimore City,2015,2019,10.67,,,16.450000000000003,6.1,13.649999999999999,11.5,36.05,19.65,21.1,9.05
24,Maryland,24015,Cecil,2015,2019,7.94,,,15.8,6.85,11.15,9.4,35.1,9.3,18.65,7.15
24,Maryland,24019,Dorchester,2015,2019,7.34,,,12.65,8.5,15.85,10.6,38.3,15.899999999999999,19.0,5.85
24,Maryland,24023,Garrett,2015,2019,9.08,,,13.3,8.95,12.85,9.6,32.9,12.5,18.15,5.6
24,Maryland,24025,Harford,2015,2019,8.28,,,15.15,6.25,11.2,9.100000000000001,33.849999999999994,6.85,15.75,6.95
24,Maryland,24027,Howard,2015,2019,7.96,,,13.5,4.550000000000001,9.149999999999999,8.05,25.25,5.1,9.35,8.25
24,Maryland,24029,Kent,2015,2019,8.95,,,13.649999999999999,8.350000000000001,12.850000000000001,9.45,33.05,12.65,15.05,6.25
24,Maryland,24031,Montgomery,2015,2019,7.34,,,12.35,4.85,10.0,8.0,24.549999999999997,7.1,9.0,7.3
24,Maryland,24033,Prince George's,2015,2019,7.53,,,13.2,5.050000000000001,13.95,9.45,38.2,8.5,13.2,6.75
24,Maryland,24043,Washington,2015,2019,7.52,,,13.95,7.15,12.65,10.399999999999999,38.15,11.7,18.3,7.25
25,Massachusetts,25003,Berkshire,2015,2019,7.67,,,18.45,7.7,10.6,10.3,25.85,11.25,16.65,6.550000000000001
25,Massachusetts,25005,Bristol,2015,2019,8.8,,,19.1,6.7,9.6,10.850000000000001,30.55,11.05,18.05,6.699999999999999
25,Massachusetts,25009,Essex,2015,2019,8.17,,,19.6,6.1,9.45,9.55,28.200000000000003,9.75,13.95,6.449999999999999
25,Massachusetts,25011,Franklin,2015,2019,8.67,,,17.85,7.2,9.95,9.95,29.0,9.95,16.3,6.300000000000001
25,Massachusetts,25013,Hampden,2015,2019,8.4,,,18.95,6.85,10.6,10.95,30.75,15.25,17.6,6.5
25,Massachusetts,25015,Hampshire,2015,2019,8.73,,,20.25,5.6,7.7,10.4,23.45,11.1,13.35,5.65
25,Massachusetts,25017,Middlesex,2015,2019,8.53,,,19.7,5.0,7.5,9.15,21.75,7.1,11.8,7.0
25,Massachusetts,25023,Plymouth,2015,2019,8.97,,,19.9,6.55,9.25,10.0,27.6,6.800000000000001,15.600000000000001,6.449999999999999
25,Massachusetts,25025,Suffolk,2015,2019,8.44,,,21.6,4.8,8.75,10.600000000000001,23.1,17.1,14.55,9.1
25,Massachusetts,25027,Worcester,2015,2019,8.42,,,18.950000000000003,6.0,9.2,10.25,31.35,9.2,15.85,7.3999999999999995
26,Michigan,26005,Allegan,2015,2019,7.35,,,18.75,7.15,10.8,10.2,33.55,10.75,19.6,7.4
26,Michigan,26017,Bay,2015,2019,7.45,,,17.85,8.45,12.2,10.75,37.75,14.5,20.15,6.949999999999999
26,Michigan,26033,Chippewa,2015,2019,6.14,,,18.8,8.55,12.649999999999999,11.2,38.8,17.700000000000003,23.15,9.9
26,Michigan,26049,Genesee,2015,2019,6.4,,,16.1,8.1,13.149999999999999,11.65,38.0,17.700000000000003,22.25,7.6
26,Michigan,26065,Ingham,2015,2019,6.3,,,20.15,5.75,9.55,10.85,32.45,17.700000000000003,16.45,7.3
26,Michigan,26077,Kalamazoo,2015,2019,6.87,,,20.2,6.199999999999999,9.75,10.7,32.8,13.850000000000001,17.05,7.9
26,Michigan,26081,Kent,2015,2019,7.48,,,20.2,6.0,9.95,10.2,32.65,11.25,17.55,8.45
26,Michigan,26091,Lenawee,2015,2019,7.51,,,18.65,7.800000000000001,11.5,10.45,37.65,11.100000000000001,19.85,8.25
26,Michigan,26099,Macomb,2015,2019,7.87,,,18.2,7.15,11.5,10.45,35.0,9.8,20.4,7.55
26,Michigan,26101,Manistee,2015,2019,6.09,,,16.799999999999997,9.5,13.2,10.45,35.5,12.7,19.75,5.5
26,Michigan,26113,Missaukee,2015,2019,6.9,,,17.1,9.3,13.05,10.75,37.2,11.9,22.6,5.6
26,Michigan,26125,Oakland,2015,2019,7.62,,,18.799999999999997,6.0,9.95,9.7,29.25,8.0,14.2,8.0
26,Michigan,26139,Ottawa,2015,2019,8.7,,,19.3,5.9,9.0,9.899999999999999,29.35,7.3,15.899999999999999,8.3
26,Michigan,26153,Schoolcraft,2015,2019,4.53,,,15.3,11.05,15.149999999999999,11.149999999999999,37.8,13.75,22.8,4.2
26,Michigan,26147,St. Clair,2015,2019,7.1,,,18.25,8.149999999999999,11.75,10.899999999999999,36.599999999999994,12.100000000000001,21.299999999999997,7.85
26,Michigan,26161,Washtenaw,2015,2019,7.75,,,19.65,5.25,8.35,9.8,27.200000000000003,14.0,13.5,8.6
26,Michigan,26163,Wayne,2015,2019,7.84,,,17.65,7.8,13.35,12.15,37.5,20.75,22.55,12.149999999999999
28,Mississippi,28011,Bolivar,2015,2019,7.25,,,12.0,9.1,18.85,11.75,42.599999999999994,33.0,23.1,8.85
28,Mississippi,28033,DeSoto,2015,2019,9.03,,,14.75,5.95,11.45,9.350000000000001,37.35,9.2,17.85,8.7
28,Mississippi,28035,Forrest,2015,2019,9.63,,,14.7,7.1,12.8,10.5,41.900000000000006,23.65,19.799999999999997,9.25
28,Mississippi,28043,Grenada,2015,2019,6.9,,,12.3,8.600000000000001,16.0,10.600000000000001,41.75,21.3,21.549999999999997,7.1
28,Mississippi,28045,Hancock,2015,2019,11.67,,,13.8,8.45,13.3,9.45,35.7,17.1,19.65,7.65
28,Mississippi,28047,Harrison,2015,2019,12.2,,,14.3,7.5,13.149999999999999,9.95,38.35,18.75,20.950000000000003,8.8
28,Mississippi,28049,Hinds,2015,2019,9.61,,,11.65,6.9,15.4,10.8,42.599999999999994,19.75,18.65,10.15
28,Mississippi,28059,Jackson,2015,2019,11.83,,,14.9,7.2,12.8,9.45,37.55,16.5,19.1,8.6
30,Montana,30027,Fergus,2015,2019,7.6,,,17.799999999999997,8.4,10.85,9.45,30.5,12.7,17.45,4.55
30,Montana,30029,Flathead,2015,2019,7.14,,,18.799999999999997,7.25,9.2,9.350000000000001,28.1,10.3,17.5,8.35
30,Montana,30031,Gallatin,2015,2019,5.95,,,23.65,4.550000000000001,6.15,9.0,22.35,9.65,13.35,2.2
30,Montana,30049,Lewis and Clark,2015,2019,6.88,,,18.65,6.449999999999999,9.0,9.350000000000001,27.1,9.95,15.899999999999999,8.75
30,Montana,30053,Lincoln,2015,2019,8.14,,,15.6,10.45,13.350000000000001,10.05,32.55,18.85,18.950000000000003,13.0
30,Montana,30063,Missoula,2015,2019,7.03,,,22.799999999999997,5.6,7.5,9.25,23.950000000000003,12.25,16.0,8.9
30,Montana,30075,Powder River,2015,2019,6.01,,,17.450000000000003,8.95,11.45,9.55,29.1,13.0,16.95,6.15
30,Montana,30081,Ravalli,2015,2019,5.27,,,16.9,8.7,11.3,9.55,29.35,13.35,17.450000000000003,5.25
30,Montana,30083,Richland,2015,2019,7.01,,,21.65,6.1,8.75,9.25,34.95,8.75,17.65,5.05
30,Montana,30087,Rosebud,2015,2019,7.77,,,18.9,8.25,12.05,10.850000000000001,33.650000000000006,16.65,22.9,5.1
30,Montana,30093,Silver Bow,2015,2019,7.69,,,19.950000000000003,7.5,10.5,10.1,31.75,16.0,19.5,5.9
30,Montana,30111,Yellowstone,2015,2019,7.74,,,19.9,6.4,8.899999999999999,9.7,30.450000000000003,11.100000000000001,17.9,7.2
31,Nebraska,31055,Douglas,2015,2019,7.17,,,22.35,5.25,10.05,8.75,32.75,10.899999999999999,16.75,7.75
31,Nebraska,31079,Hall,2015,2019,4.73,,,18.85,6.4,11.0,7.9,39.05,11.6,15.3,5.6
31,Nebraska,31109,Lancaster,2015,2019,5.38,,,23.85,5.2,8.6,8.55,32.2,11.55,14.649999999999999,7.0
31,Nebraska,31153,Sarpy,2015,2019,7.28,,,20.45,4.7,8.399999999999999,7.8,36.85,5.800000000000001,13.75,8.45
31,Nebraska,31157,Scotts Bluff,2015,2019,5.94,,,16.7,7.5,12.45,8.3,38.6,13.65,16.049999999999997,5.55
31,Nebraska,31177,Washington,2015,2019,7.53,,,21.0,6.4,9.65,7.949999999999999,35.05,6.85,14.6,7.1
33,New Hampshire,33001,Belknap,2015,2019,6.4,,,15.65,7.55,10.75,10.1,30.5,7.75,15.649999999999999,4.1
33,New Hampshire,33005,Cheshire,2015,2019,8.32,,,16.25,6.7,10.0,10.3,30.75,9.95,16.1,5.35
33,New Hampshire,33009,Grafton,2015,2019,6.21,,,16.25,6.5,9.399999999999999,10.1,26.35,9.1,14.55,5.550000000000001
33,New Hampshire,33011,Hillsborough,2015,2019,8.03,,,17.05,5.7,9.45,10.649999999999999,30.75,7.45,15.45,3.3499999999999996
33,New Hampshire,33015,Rockingham,2015,2019,7.05,,,17.2,6.050000000000001,9.0,9.65,28.3,5.199999999999999,13.75,5.7
34,New Jersey,34001,Atlantic,2015,2019,9.08,,,14.3,7.6,12.7,9.8,30.2,12.05,17.0,6.949999999999999
34,New Jersey,34003,Bergen,2015,2019,9.77,,,15.2,5.9,9.9,8.2,21.8,6.25,12.5,11.05
34,New Jersey,34007,Camden,2015,2019,11.17,,,15.5,6.6,12.0,9.7,29.3,11.8,17.5,10.45
34,New Jersey,34011,Cumberland,2015,2019,9.37,,,16.2,8.1,13.4,10.7,39.8,14.5,22.3,8.25
34,New Jersey,34013,Essex,2015,2019,7.95,,,15.7,6.5,13.0,10.2,30.2,14.350000000000001,15.8,8.85
34,New Jersey,34015,Gloucester,2015,2019,11.11,,,16.7,6.1,10.2,9.6,34.7,7.55,16.3,7.1
34,New Jersey,34017,Hudson,2015,2019,9.38,,,17.0,5.4,11.1,8.6,24.0,14.0,15.7,9.15
34,New Jersey,34019,Hunterdon,2015,2019,7.23,,,16.4,6.2,9.1,9.0,28.4,4.2,12.2,7.85
34,New Jersey,34021,Mercer,2015,2019,7.47,,,14.8,6.1,11.3,9.5,30.5,11.4,14.5,7.75
34,New Jersey,34023,Middlesex,2015,2019,7.99,,,14.1,5.6,11.2,8.2,25.7,8.35,12.9,8.0
34,New Jersey,34027,Morris,2015,2019,7.37,,,16.3,5.6,8.7,8.4,25.6,5.0,11.7,5.75
34,New Jersey,34029,Ocean,2015,2019,8.22,,,15.0,8.3,11.3,9.6,27.3,9.35,16.3,6.25
34,New Jersey,34031,Passaic,2015,2019,7.77,,,15.4,6.8,12.3,9.6,31.0,13.45,15.5,7.65
34,New Jersey,34039,Union,2015,2019,8.18,,,14.9,6.1,11.6,9.6,27.9,8.45,15.1,10.399999999999999
34,New Jersey,34041,Warren,2015,2019,7.37,,,16.9,6.8,10.1,9.2,32.0,6.9,16.1,7.7
35,New Mexico,35001,Bernalillo,2015,2019,9.83,,,14.399999999999999,5.65,11.2,9.35,27.85,16.0,14.7,8.25
35,New Mexico,35013,Dona Ana,2015,2019,14.37,,,15.9,6.45,13.0,9.600000000000001,32.650000000000006,24.35,14.65,8.05
35,New Mexico,35025,Lea,2015,2019,12.02,,,16.05,5.9,11.7,9.55,36.349999999999994,15.600000000000001,17.950000000000003,7.75
35,New Mexico,35049,Santa Fe,2015,2019,9.71,,,13.55,6.55,11.4,8.5,24.3,12.3,12.45,3.3499999999999996
35,New Mexico,35055,Taos,2015,2019,10.17,,,12.600000000000001,8.35,15.3,9.1,26.1,19.799999999999997,14.2,5.65
36,New York,36001,Albany,2015,2019,8.83,,,19.1,5.9,9.35,10.350000000000001,28.8,11.5,14.85,7.75
36,New York,36005,Bronx,2015,2019,9.71,,,16.2,6.85,15.8,11.350000000000001,32.45,26.75,17.25,8.45
36,New York,36013,Chautauqua,2015,2019,8.01,,,18.1,8.45,12.3,10.95,33.8,17.3,21.05,6.25
36,New York,36029,Erie,2015,2019,7.94,,,18.95,6.8,10.95,10.5,31.15,13.5,17.4,7.35
36,New York,36031,Essex,2015,2019,6.94,,,17.55,8.0,11.3,10.45,31.35,12.05,17.299999999999997,3.4
36,New York,36047,Kings,2015,2019,10.11,,,17.0,5.9,11.399999999999999,9.45,25.65,18.299999999999997,14.75,7.75
36,New York,36055,Monroe,2015,2019,6.91,,,17.55,6.5,10.45,10.75,31.549999999999997,13.55,17.1,6.949999999999999
36,New York,36061,New York,2015,2019,10.49,,,21.35,5.1,8.899999999999999,9.5,20.6,14.85,11.65,9.5
36,New York,36067,Onondaga,2015,2019,7.24,,,19.45,6.6,10.25,10.850000000000001,32.099999999999994,13.75,16.5,5.75
36,New York,36071,Orange,2015,2019,7.99,,,17.7,6.0,10.35,10.0,29.85,11.9,16.0,6.1
36,New York,36081,Queens,2015,2019,10.06,,,14.25,5.95,13.350000000000001,8.399999999999999,25.3,11.3,13.2,8.05
36,New York,36085,Richmond,2015,2019,9.36,,,16.25,6.1,11.2,9.95,30.2,10.399999999999999,16.75,7.65
36,New York,36101,Steuben,2015,2019,5.74,,,16.45,8.05,12.05,11.2,34.45,13.9,19.9,5.449999999999999
36,New York,36103,Suffolk,2015,2019,7.5,,,18.0,5.85,10.05,9.3,27.75,7.05,13.850000000000001,6.6
37,North Carolina,37021,Buncombe,2015,2019,9.84,,,15.45,7.25,10.649999999999999,9.0,27.6,11.85,16.9,6.4
37,North Carolina,37035,Catawba,2015,2019,9.07,,,15.35,7.6,12.3,9.35,34.05,13.15,19.65,8.25
37,North Carolina,37051,Cumberland,2015,2019,8.12,,,16.1,6.050000000000001,12.05,9.8,32.35,17.5,19.1,7.4
37,North Carolina,37057,Davidson,2015,2019,8.77,,,14.45,8.5,13.149999999999999,9.9,37.650000000000006,15.1,21.4,9.100000000000001
37,North Carolina,37063,Durham,2015,2019,8.27,,,15.1,5.449999999999999,10.6,9.2,32.2,13.75,15.350000000000001,8.55
37,North Carolina,37067,Forsyth,2015,2019,8.33,,,13.899999999999999,7.0,12.5,9.6,33.95,15.799999999999999,17.8,9.35
37,North Carolina,37081,Guilford,2015,2019,8.92,,,14.9,6.550000000000001,12.15,9.6,34.900000000000006,15.7,18.1,7.05
37,North Carolina,37099,Jackson,2015,2019,9.62,,,16.25,7.699999999999999,11.4,9.8,31.8,18.0,19.0,6.550000000000001
37,North Carolina,37101,Johnston,2015,2019,8.3,,,16.05,6.7,11.85,9.55,34.75,12.1,19.95,8.1
37,North Carolina,37119,Mecklenburg,2015,2019,9.14,,,17.049999999999997,5.0,9.7,9.0,29.200000000000003,11.0,15.3,9.2
37,North Carolina,37121,Mitchell,2015,2019,9.4,,,14.05,9.649999999999999,13.55,9.399999999999999,33.7,15.450000000000001,20.0,5.65
37,North Carolina,37123,Montgomery,2015,2019,9.19,,,13.7,9.15,14.95,9.95,36.7,16.4,21.35,7.300000000000001
37,North Carolina,37129,New Hanover,2015,2019,7.46,,,16.95,6.75,10.55,9.25,30.700000000000003,14.15,17.5,3.65
37,North Carolina,37147,Pitt,2015,2019,8.05,,,15.9,6.3,11.8,10.350000000000001,36.45,21.2,18.45,6.4
37,North Carolina,37173,Swain,2015,2019,9.61,,,14.45,9.9,14.899999999999999,11.1,35.7,15.65,25.55,7.45
37,North Carolina,37183,Wake,2015,2019,8.47,,,17.25,4.85,8.95,8.5,28.1,8.2,13.75,10.1
38,North Dakota,38013,Burke,2015,2019,7.68,,,20.35,7.800000000000001,11.15,8.65,37.0,9.05,17.75,3.05
38,North Dakota,38015,Burleigh,2015,2019,6.18,,,19.95,6.050000000000001,8.55,8.649999999999999,33.150000000000006,7.15,15.850000000000001,7.55
38,North Dakota,38017,Cass,2015,2019,5.47,,,22.85,4.9,7.65,8.45,33.05,10.9,16.7,6.75
38,North Dakota,38025,Dunn,2015,2019,5.64,,,21.6,7.1,10.649999999999999,8.8,36.45,10.100000000000001,18.85,4.1
38,North Dakota,38053,McKenzie,2015,2019,7.23,,,22.4,5.4,8.600000000000001,8.85,37.7,8.3,20.200000000000003,4.4
38,North Dakota,38057,Mercer,2015,2019,5.02,,,21.3,7.65,10.6,8.600000000000001,36.650000000000006,7.45,17.6,5.85
38,North Dakota,38065,Oliver,2015,2019,6.09,,,19.1,8.35,11.7,8.600000000000001,37.45,10.399999999999999,17.700000000000003,5.449999999999999
38,North Dakota,38101,Ward,2015,2019,7.49,,,22.75,5.35,8.2,8.45,35.9,9.9,17.65,5.1
38,North Dakota,38105,Williams,2015,2019,7.43,,,24.5,4.95,7.949999999999999,8.399999999999999,38.0,6.45,19.549999999999997,5.1
39,Ohio,39003,Allen,2015,2019,5.02,,,15.55,8.25,13.25,9.85,37.8,13.65,22.4,8.05
39,Ohio,39009,Athens,2015,2019,7.41,,,18.75,6.75,10.350000000000001,10.85,32.15,28.65,22.05,6.65
39,Ohio,39013,Belmont,2015,2019,6.61,,,15.700000000000001,8.85,13.35,9.8,36.400000000000006,12.3,23.45,8.2
39,Ohio,39017,Butler,2015,2019,8.38,,,17.700000000000003,6.800000000000001,11.15,9.9,33.5,12.05,20.75,11.4
39,Ohio,39023,Clark,2015,2019,8.15,,,15.600000000000001,8.85,13.9,10.7,39.650000000000006,14.75,24.05,10.4
39,Ohio,39035,Cuyahoga,2015,2019,8.12,,,16.15,7.75,13.05,10.55,35.7,17.049999999999997,20.35,11.0
39,Ohio,39049,Franklin,2015,2019,7.48,,,18.3,5.85,11.0,9.55,32.9,14.5,19.9,9.55
39,Ohio,39057,Greene,2015,2019,8.13,,,17.25,6.75,10.9,9.649999999999999,34.15,10.75,17.6,8.6
39,Ohio,39061,Hamilton,2015,2019,8.01,,,18.65,7.0,12.3,10.05,33.65,15.0,19.55,12.2
39,Ohio,39067,Harrison,2015,2019,6.38,,,14.65,9.9,14.6,10.399999999999999,39.35,14.9,25.65,7.6
39,Ohio,39081,Jefferson,2015,2019,6.93,,,15.35,9.4,14.100000000000001,10.35,38.7,18.05,24.549999999999997,9.0
39,Ohio,39085,Lake,2015,2019,8.67,,,16.799999999999997,7.45,11.850000000000001,9.5,34.6,7.9,19.75,6.8
39,Ohio,39087,Lawrence,2015,2019,8.92,,,14.45,9.45,14.7,10.899999999999999,39.85,17.5,26.0,6.550000000000001
39,Ohio,39093,Lorain,2015,2019,8.63,,,15.7,8.0,13.55,9.85,37.150000000000006,14.05,20.15,7.75
39,Ohio,39095,Lucas,2015,2019,7.36,,,16.4,7.9,13.2,10.600000000000001,37.25,18.35,23.0,8.850000000000001
39,Ohio,39099,Mahoning,2015,2019,7.48,,,15.15,9.15,14.8,10.15,37.45,17.45,21.85,8.05
39,Ohio,39103,Medina,2015,2019,8.29,,,16.85,6.8,10.8,9.05,32.05,6.0,17.4,8.15
39,Ohio,39113,Montgomery,2015,2019,7.61,,,15.5,7.95,13.6,10.3,36.25,16.1,20.9,9.7
39,Ohio,39133,Portage,2015,2019,8.07,,,17.75,7.05,10.75,9.899999999999999,32.75,11.600000000000001,19.9,7.449999999999999
39,Ohio,39135,Preble,2015,2019,8.26,,,16.7,8.35,12.5,9.85,37.75,9.3,22.65,9.0
39,Ohio,39145,Scioto,2015,2019,9.03,,,15.1,9.8,14.649999999999999,11.0,39.650000000000006,22.25,28.15,6.9
39,Ohio,39151,Stark,2015,2019,6.76,,,16.35,8.2,12.899999999999999,10.149999999999999,37.150000000000006,13.7,22.15,10.2
39,Ohio,39153,Summit,2015,2019,7.9,,,15.15,7.4,12.3,9.9,33.75,13.1,21.45,9.05
39,Ohio,39155,Trumbull,2015,2019,7.25,,,14.5,9.25,14.0,10.25,37.2,16.5,25.15,7.6
40,Oklahoma,40019,Carter,2015,2019,7.82,,,12.6,8.4,13.15,10.45,36.05,16.0,21.049999999999997,8.15
40,Oklahoma,40027,Cleveland,2015,2019,9.43,,,15.7,6.15,9.65,9.6,35.3,11.8,16.65,10.05
40,Oklahoma,40031,Comanche,2015,2019,8.16,,,14.05,6.75,11.8,10.4,38.7,17.15,20.15,7.6499999999999995
40,Oklahoma,40043,Dewey,2015,2019,8.74,,,12.4,9.1,13.05,10.05,36.099999999999994,11.85,20.200000000000003,8.05
40,Oklahoma,40071,Kay,2015,2019,8.21,,,12.6,9.35,13.3,10.6,36.95,18.25,21.25,8.100000000000001
40,Oklahoma,40105,Nowata,2015,2019,7.49,,,12.95,10.0,14.65,11.05,39.05,15.75,23.7,8.65
40,Oklahoma,40109,Oklahoma,2015,2019,9.51,,,13.75,7.0,11.8,10.399999999999999,34.9,15.899999999999999,17.45,9.649999999999999
40,Oklahoma,40115,Ottawa,2015,2019,7.59,,,12.55,10.05,14.75,11.5,41.05,19.55,24.6,8.2
40,Oklahoma,40121,Pittsburg,2015,2019,8.97,,,12.95,9.55,13.95,10.600000000000001,34.400000000000006,19.7,24.15,8.600000000000001
40,Oklahoma,40135,Sequoyah,2015,2019,9.05,,,11.7,10.9,16.0,11.95,38.35,20.200000000000003,26.450000000000003,8.149999999999999
40,Oklahoma,40143,Tulsa,2015,2019,8.15,,,13.149999999999999,7.05,11.6,9.85,33.45,14.2,18.05,10.55
41,Oregon,41013,Crook,2015,2019,6.01,,,15.649999999999999,9.1,12.85,10.85,32.45,11.9,18.4,8.25
41,Oregon,41025,Harney,2015,2019,7.57,,,16.0,9.100000000000001,12.6,10.850000000000001,32.15,14.649999999999999,18.45,10.1
41,Oregon,41029,Jackson,2015,2019,9.67,,,15.7,7.800000000000001,11.6,10.9,29.95,14.2,18.15,8.7
41,Oregon,41033,Josephine,2015,2019,9.49,,,14.45,9.7,13.85,11.05,33.099999999999994,16.45,19.75,10.95
41,Oregon,41035,Klamath,2015,2019,8.17,,,16.35,8.649999999999999,12.4,11.149999999999999,31.15,17.6,19.05,14.55
41,Oregon,41037,Lake,2015,2019,7.75,,,15.15,10.15,14.1,10.899999999999999,34.65,17.65,19.75,9.7
41,Oregon,41039,Lane,2015,2019,8.02,,,17.95,7.0,10.2,11.3,30.15,16.0,15.5,9.1
41,Oregon,41051,Multnomah,2015,2019,9.41,,,21.3,5.15,8.35,10.3,26.5,12.0,16.0,6.95
41,Oregon,41067,Washington,2015,2019,10.04,,,18.3,4.800000000000001,8.7,9.65,27.55,8.5,12.850000000000001,7.5
42,Pennsylvania,42001,Adams,2015,2019,6.55,,,16.95,7.25,11.05,10.1,33.2,7.8,18.75,8.55
42,Pennsylvania,42003,Allegheny,2015,2019,8.58,,,19.5,6.4,10.0,9.9,30.2,11.25,17.5,13.7
42,Pennsylvania,42005,Armstrong,2015,2019,8.35,,,16.8,8.5,12.7,10.4,36.55,10.149999999999999,22.0,7.75
42,Pennsylvania,42007,Beaver,2015,2019,8.83,,,17.1,7.7,11.35,10.45,35.599999999999994,11.45,19.75,9.95
42,Pennsylvania,42011,Berks,2015,2019,7.73,,,17.8,6.7,10.899999999999999,10.05,33.45,10.8,18.799999999999997,8.899999999999999
42,Pennsylvania,42013,Blair,2015,2019,7.08,,,17.35,8.100000000000001,11.6,10.45,36.55,14.65,21.95,8.399999999999999
42,Pennsylvania,42015,Bradford,2015,2019,7.4,,,16.549999999999997,8.55,12.2,10.45,36.849999999999994,13.4,21.25,7.050000000000001
42,Pennsylvania,42021,Cambria,2015,2019,7.63,,,16.65,8.45,12.4,10.5,34.05,14.8,20.5,8.75
42,Pennsylvania,42027,Centre,2015,2019,6.43,,,20.1,5.449999999999999,8.3,9.899999999999999,28.25,17.0,16.950000000000003,9.25
42,Pennsylvania,42029,Chester,2015,2019,8.09,,,17.299999999999997,5.5,8.85,9.2,27.3,6.300000000000001,13.8,9.0
42,Pennsylvania,42041,Cumberland,2015,2019,6.97,,,18.35,6.3,9.8,9.7,31.0,7.25,16.7,10.3
42,Pennsylvania,42043,Dauphin,2015,2019,7.76,,,17.1,6.65,11.15,10.25,33.75,12.25,18.9,9.05
42,Pennsylvania,42045,Delaware,2015,2019,10.07,,,18.4,6.050000000000001,10.35,9.899999999999999,30.4,9.350000000000001,16.8,11.5
42,Pennsylvania,42049,Erie,2015,2019,6.98,,,17.9,7.3,10.95,10.350000000000001,32.95,15.950000000000001,20.1,8.1
42,Pennsylvania,42051,Fayette,2015,2019,8.09,,,16.65,8.75,12.9,10.8,36.3,16.05,22.549999999999997,7.3
42,Pennsylvania,42059,Greene,2015,2019,8.25,,,18.1,7.65,11.55,10.350000000000001,36.25,15.05,22.450000000000003,6.45
42,Pennsylvania,42069,Lackawanna,2015,2019,8.34,,,17.3,7.55,11.3,10.05,32.55,14.2,19.9,7.4
42,Pennsylvania,42071,Lancaster,2015,2019,7.6,,,16.15,6.95,10.8,10.2,31.45,9.2,18.85,10.6
42,Pennsylvania,42075,Lebanon,2015,2019,8.35,,,17.0,7.300000000000001,11.45,9.9,34.05,10.2,19.9,9.4
42,Pennsylvania,42077,Lehigh,2015,2019,8.22,,,18.0,6.35,11.0,9.65,35.35,11.75,17.55,8.7
42,Pennsylvania,42085,Mercer,2015,2019,7.83,,,16.9,8.25,12.0,10.45,34.599999999999994,14.2,20.45,8.0
42,Pennsylvania,42091,Montgomery,2015,2019,9.63,,,17.700000000000003,5.6,9.4,9.3,29.2,5.95,14.0,7.6
42,Pennsylvania,42095,Northampton,2015,2019,8.23,,,18.35,6.6,10.600000000000001,9.649999999999999,31.950000000000003,9.05,17.4,9.2
42,Pennsylvania,42101,Philadelphia,2015,2019,9.83,,,18.2,6.2,13.05,11.55,32.25,23.65,20.9,9.25
42,Pennsylvania,42115,Susquehanna,2015,2019,8.26,,,16.0,8.95,12.7,10.25,35.9,12.05,20.85,6.6
42,Pennsylvania,42117,Tioga,2015,2019,6.73,,,16.7,8.600000000000001,12.2,10.45,35.650000000000006,14.2,21.75,5.5
42,Pennsylvania,42125,Washington,2015,2019,8.69,,,17.9,7.2,10.75,9.85,35.75,9.45,18.1,9.350000000000001
42,Pennsylvania,42129,Westmoreland,2015,2019,8.65,,,17.85,7.550000000000001,11.100000000000001,9.8,33.35,9.85,18.45,6.95
42,Pennsylvania,42133,York,2015,2019,7.99,,,17.25,6.800000000000001,10.6,9.9,32.15,9.0,19.35,9.15
44,Rhode Island,44003,Kent,2015,2019,8.96,,,16.65,6.8,10.6,10.95,29.95,7.949999999999999,16.950000000000003,5.0
44,Rhode Island,44007,Providence,2015,2019,9.31,,,17.200000000000003,6.300000000000001,11.25,11.75,30.75,15.05,16.799999999999997,8.600000000000001
44,Rhode Island,44009,Washington,2015,2019,7.77,,,18.5,6.55,9.25,10.8,24.75,8.0,14.45,4.65
45,South Carolina,45019,Charleston,2015,2019,8.06,,,20.9,5.95,10.85,9.3,30.5,12.95,14.8,6.949999999999999
45,South Carolina,45025,Chesterfield,2015,2019,8.23,,,13.7,9.2,16.85,10.55,39.75,20.4,23.3,7.05
45,South Carolina,45037,Edgefield,2015,2019,7.47,,,15.600000000000001,8.15,14.8,9.75,39.15,17.1,19.9,7.6
45,South Carolina,45041,Florence,2015,2019,7.23,,,14.399999999999999,7.65,14.75,10.100000000000001,37.5,17.5,19.700000000000003,7.7
45,South Carolina,45045,Greenville,2015,2019,8.61,,,15.75,6.45,11.5,8.85,32.75,10.899999999999999,15.65,8.2
45,South Carolina,45063,Lexington,2015,2019,8.2,,,17.4,6.6,11.399999999999999,9.0,31.5,12.2,17.950000000000003,8.25
45,South Carolina,45073,Oconee,2015,2019,8.74,,,15.3,8.899999999999999,13.7,9.45,32.45,13.75,18.9,5.75
45,South Carolina,45079,Richland,2015,2019,8.76,,,17.3,5.65,11.1,9.600000000000001,34.349999999999994,16.45,16.25,7.5
45,South Carolina,45083,Spartanburg,2015,2019,8.72,,,14.95,7.0,12.8,9.65,35.95,13.25,19.3,7.7
45,South Carolina,45091,York,2015,2019,9.47,,,16.65,6.15,10.850000000000001,9.05,35.2,9.2,16.85,7.8
46,South Dakota,46011,Brookings,2015,2019,7.23,,,23.25,4.550000000000001,6.7,8.2,28.85,11.850000000000001,13.85,4.45
46,South Dakota,46013,Brown,2015,2019,5.16,,,19.2,6.65,9.5,8.2,35.65,10.2,16.75,6.300000000000001
46,South Dakota,46029,Codington,2015,2019,7.02,,,20.7,7.25,10.0,8.45,34.8,10.5,18.35,7.0
46,South Dakota,46033,Custer,2015,2019,7.25,,,15.3,9.2,12.95,8.350000000000001,32.55,9.85,16.05,3.1
46,South Dakota,46071,Jackson,2015,2019,7.72,,,17.3,11.05,16.299999999999997,12.05,38.65,31.3,29.5,4.35
46,South Dakota,46099,Minnehaha,2015,2019,7.0,,,21.1,5.6,8.65,8.15,32.7,9.149999999999999,16.55,5.25
46,South Dakota,46103,Pennington,2015,2019,6.85,,,19.3,7.0,9.95,8.399999999999999,29.700000000000003,12.65,18.15,6.300000000000001
46,South Dakota,46127,Union,2015,2019,5.93,,,20.3,6.449999999999999,9.25,8.149999999999999,31.75,6.1,15.6,6.05
47,Tennessee,47009,Blount,2015,2019,8.15,,,13.8,8.2,12.85,9.9,37.150000000000006,10.2,21.15,7.0
47,Tennessee,47037,Davidson,2015,2019,8.73,,,16.75,5.699999999999999,10.899999999999999,9.85,32.4,14.0,19.1,9.2
47,Tennessee,47045,Dyer,2015,2019,8.43,,,13.35,8.9,14.649999999999999,10.600000000000001,37.35,17.85,24.5,7.050000000000001
47,Tennessee,47065,Hamilton,2015,2019,7.93,,,14.6,7.3,13.0,9.95,35.45,12.85,19.25,9.05
47,Tennessee,47093,Knox,2015,2019,7.75,,,16.3,6.75,11.6,9.7,31.75,13.3,18.15,9.2
47,Tennessee,47099,Lawrence,2015,2019,7.33,,,13.149999999999999,9.45,14.35,10.7,39.2,17.2,25.75,6.9
47,Tennessee,47105,Loudon,2015,2019,7.9,,,12.7,9.35,14.45,9.5,33.85,9.399999999999999,19.75,6.9
47,Tennessee,47113,Madison,2015,2019,9.2,,,12.15,8.1,14.9,10.3,39.55,17.700000000000003,21.25,7.0
47,Tennessee,47119,Maury,2015,2019,7.51,,,13.899999999999999,7.2,12.7,9.9,33.7,9.65,21.25,6.5
47,Tennessee,47107,McMinn,2015,2019,7.8,,,12.55,9.45,15.0,10.600000000000001,36.35,15.2,25.049999999999997,7.4
47,Tennessee,47125,Montgomery,2015,2019,8.16,,,15.95,5.25,10.8,10.05,36.95,12.0,21.15,7.9
47,Tennessee,47141,Putnam,2015,2019,7.99,,,14.3,7.800000000000001,12.100000000000001,10.15,33.55,15.3,22.450000000000003,6.550000000000001
47,Tennessee,47145,Roane,2015,2019,7.81,,,12.85,9.45,14.399999999999999,10.15,35.0,14.7,22.15,6.949999999999999
47,Tennessee,47157,Shelby,2015,2019,9.06,,,13.75,6.800000000000001,14.649999999999999,10.65,35.75,19.45,20.3,9.1
47,Tennessee,47163,Sullivan,2015,2019,8.31,,,12.0,9.3,14.2,10.399999999999999,35.349999999999994,15.8,22.4,7.15
47,Tennessee,47165,Sumner,2015,2019,9.6,,,14.149999999999999,7.0,11.6,9.7,32.6,8.75,19.85,6.9
48,Texas,48027,Bell,2015,2019,9.62,,,18.2,5.5,11.3,9.05,36.150000000000006,13.4,17.549999999999997,8.3
48,Texas,48029,Bexar,2015,2019,14.83,,,17.049999999999997,5.949999999999999,13.600000000000001,8.2,36.650000000000006,16.2,14.5,8.8
48,Texas,48037,Bowie,2015,2019,9.29,,,16.65,7.7,13.600000000000001,9.600000000000001,38.35,17.950000000000003,19.95,9.350000000000001
48,Texas,48043,Brewster,2015,2019,11.9,,,15.6,7.9,14.45,7.95,35.5,14.55,13.75,5.95
48,Texas,48061,Cameron,2015,2019,13.47,,,16.6,7.95,18.25,8.5,40.25,26.7,16.45,10.1
48,Texas,48113,Dallas,2015,2019,10.92,,,17.9,5.699999999999999,12.149999999999999,8.75,34.35,14.1,15.95,9.899999999999999
48,Texas,48135,Ector,2015,2019,14.61,,,19.049999999999997,5.35,11.75,8.3,39.3,12.5,16.95,7.6
48,Texas,48141,El Paso,2015,2019,14.68,,,16.4,6.199999999999999,15.05,7.85,35.7,19.65,14.15,9.05
48,Texas,48139,Ellis,2015,2019,12.14,,,17.4,5.75,11.45,8.8,36.4,8.75,17.05,8.4
48,Texas,48167,Galveston,2015,2019,12.8,,,19.65,6.300000000000001,12.75,8.65,34.7,11.7,17.65,7.4
48,Texas,48201,Harris,2015,2019,12.0,,,16.9,5.65,12.850000000000001,8.3,35.45,15.75,15.850000000000001,10.85
48,Texas,48203,Harrison,2015,2019,10.39,,,16.049999999999997,8.0,14.1,9.7,36.15,16.25,20.05,8.4
48,Texas,48215,Hidalgo,2015,2019,13.74,,,14.65,7.2,17.15,8.2,45.75,28.45,15.25,11.2
48,Texas,48245,Jefferson,2015,2019,12.39,,,16.700000000000003,7.1,14.25,9.3,41.8,17.799999999999997,19.4,9.35
48,Texas,48273,Kleberg,2015,2019,18.35,,,17.049999999999997,6.2,13.6,8.3,37.55,24.15,14.5,10.0
48,Texas,48303,Lubbock,2015,2019,13.83,,,17.85,5.85,11.25,8.85,33.35,17.75,15.5,6.4
48,Texas,48323,Maverick,2015,2019,18.85,,,15.1,7.55,17.9,8.65,41.25,26.4,17.65,7.5
48,Texas,48355,Nueces,2015,2019,18.17,,,18.799999999999997,6.5,14.350000000000001,8.3,40.4,16.35,15.5,9.55
48,Texas,48361,Orange,2015,2019,11.19,,,17.65,7.5,12.6,9.3,40.2,12.95,20.8,9.35
48,Texas,48375,Potter,2015,2019,11.15,,,16.5,7.35,14.350000000000001,9.1,38.3,20.0,20.3,5.2
48,Texas,48439,Tarrant,2015,2019,11.56,,,17.3,5.550000000000001,11.65,8.75,35.5,11.149999999999999,15.35,8.649999999999999
48,Texas,48453,Travis,2015,2019,10.81,,,21.05,4.5,8.7,8.05,26.549999999999997,11.4,12.95,9.85
48,Texas,48479,Webb,2015,2019,19.1,,,16.05,6.6,16.55,8.5,41.400000000000006,23.299999999999997,16.65,10.7
49,Utah,49003,Box Elder,2015,2019,6.26,,,10.15,5.85,9.7,9.8,34.3,7.4,11.05,8.6
49,Utah,49005,Cache,2015,2019,6.84,,,10.5,4.300000000000001,7.35,9.8,28.299999999999997,13.0,9.399999999999999,8.8
49,Utah,49011,Davis,2015,2019,7.31,,,10.35,4.15,8.2,9.3,30.9,5.6,8.3,7.35
49,Utah,49013,Duchesne,2015,2019,5.23,,,11.05,6.2,9.95,10.15,33.65,13.05,14.4,6.5
49,Utah,49021,Iron,2015,2019,4.99,,,10.5,5.9,9.55,10.2,30.35,13.75,11.8,4.55
49,Utah,49035,Salt Lake,2015,2019,6.53,,,13.649999999999999,4.25,8.6,10.05,29.85,9.0,10.45,9.5
49,Utah,49045,Tooele,2015,2019,6.79,,,11.65,4.6,8.9,9.95,36.75,6.05,11.55,7.15
49,Utah,49047,Uintah,2015,2019,7.96,,,11.05,6.05,10.75,10.6,36.2,11.3,14.55,5.35
49,Utah,49049,Utah,2015,2019,6.94,,,7.6,3.7,6.6,8.95,27.85,9.55,6.6,7.75
49,Utah,49053,Washington,2015,2019,7.3,,,8.9,7.1,10.600000000000001,9.100000000000001,28.45,9.6,9.25,4.9
49,Utah,49057,Weber,2015,2019,6.2,,,11.5,4.949999999999999,9.55,9.8,33.05,8.15,11.45,9.0
50,Vermont,50003,Bennington,2015,2019,8.14,,,16.15,7.699999999999999,10.55,11.05,26.7,10.7,15.55,5.8
50,Vermont,50007,Chittenden,2015,2019,5.56,,,18.9,4.95,7.15,10.149999999999999,22.25,10.45,11.95,6.6
50,Vermont,50021,Rutland,2015,2019,7.67,,,15.95,7.15,9.95,10.8,31.9,10.600000000000001,16.65,7.5
53,Washington,53011,Clark,2015,2019,10.05,,,14.5,5.8,9.649999999999999,10.100000000000001,32.75,9.0,13.5,7.15
53,Washington,53033,King,2015,2019,9.89,,,17.3,4.4,8.1,8.8,22.799999999999997,8.45,10.600000000000001,8.8
53,Washington,53035,Kitsap,2015,2019,9.88,,,15.55,6.05,9.649999999999999,9.85,30.299999999999997,8.3,14.0,4.85
53,Washington,53037,Kittitas,2015,2019,9.82,,,17.200000000000003,5.85,8.75,10.5,28.35,14.9,13.850000000000001,7.05
53,Washington,53047,Okanogan,2015,2019,8.11,,,13.75,9.05,13.850000000000001,10.95,32.6,16.7,18.25,10.4
53,Washington,53053,Pierce,2015,2019,9.78,,,16.5,5.699999999999999,10.55,10.1,32.1,9.05,15.3,8.350000000000001
53,Washington,53057,Skagit,2015,2019,9.15,,,15.05,7.05,10.7,10.0,29.3,10.45,15.3,5.9
53,Washington,53061,Snohomish,2015,2019,9.6,,,14.899999999999999,5.050000000000001,9.399999999999999,9.95,30.75,7.25,13.55,8.3
53,Washington,53063,Spokane,2015,2019,7.59,,,15.9,6.25,9.600000000000001,10.45,31.799999999999997,12.95,15.5,8.9
53,Washington,53073,Whatcom,2015,2019,8.43,,,16.8,5.95,9.25,10.149999999999999,28.35,13.8,13.75,4.949999999999999
53,Washington,53077,Yakima,2015,2019,9.61,,,14.15,7.0,12.85,10.399999999999999,37.0,16.6,15.9,10.2
54,West Virginia,54003,Berkeley,2015,2019,9.07,,,14.85,7.75,12.8,10.850000000000001,38.8,11.25,23.45,8.5
54,West Virginia,54009,Brooke,2015,2019,7.92,,,12.75,10.2,14.65,10.55,36.599999999999994,12.85,21.8,9.15
54,West Virginia,54011,Cabell,2015,2019,7.87,,,14.0,9.4,13.65,11.1,37.2,18.9,22.85,7.449999999999999
54,West Virginia,54029,Hancock,2015,2019,8.22,,,12.2,10.5,15.45,10.85,38.5,12.85,23.05,7.8
54,West Virginia,54033,Harrison,2015,2019,6.84,,,12.4,9.600000000000001,14.149999999999999,10.75,38.05,13.899999999999999,22.700000000000003,7.199999999999999
54,West Virginia,54039,Kanawha,2015,2019,8.2,,,12.7,10.25,14.7,10.899999999999999,38.5,16.700000000000003,23.4,8.1
54,West Virginia,54049,Marion,2015,2019,6.29,,,12.4,9.65,14.25,10.899999999999999,38.75,15.600000000000001,23.05,7.5
54,West Virginia,54051,Marshall,2015,2019,7.7,,,13.05,10.45,15.1,10.75,38.900000000000006,13.8,23.35,9.1
54,West Virginia,54061,Monongalia,2015,2019,7.85,,,17.6,6.4,10.0,10.5,34.35,18.700000000000003,19.55,7.050000000000001
54,West Virginia,54069,Ohio,2015,2019,7.66,,,13.7,9.25,13.1,10.55,34.650000000000006,13.3,19.95,7.85
54,West Virginia,54107,Wood,2015,2019,7.61,,,12.6,10.05,14.8,11.1,40.85,14.55,22.6,7.7
55,Wisconsin,55003,Ashland,2015,2019,5.7,,,20.6,8.3,11.7,10.25,36.1,16.8,20.6,5.15
55,Wisconsin,55009,Brown,2015,2019,6.07,,,23.85,5.85,8.95,9.3,33.900000000000006,9.25,16.35,6.85
55,Wisconsin,55025,Dane,2015,2019,8.24,,,23.95,4.65,6.9,9.0,28.55,10.100000000000001,13.0,8.649999999999999
55,Wisconsin,55027,Dodge,2015,2019,7.17,,,22.95,6.75,9.7,9.25,38.45,8.45,18.700000000000003,7.65
55,Wisconsin,55035,Eau Claire,2015,2019,6.56,,,23.85,5.75,8.15,9.65,30.5,11.75,16.3,7.6
55,Wisconsin,55041,Forest,2015,2019,7.5,,,20.200000000000003,9.15,12.5,10.3,38.099999999999994,15.5,20.75,4.800000000000001
55,Wisconsin,55043,Grant,2015,2019,7.58,,,24.5,6.7,9.05,9.7,33.6,13.7,17.6,8.4
55,Wisconsin,55059,Kenosha,2015,2019,7.41,,,22.8,6.0,9.4,9.6,34.3,10.9,17.799999999999997,7.300000000000001
55,Wisconsin,55063,La Crosse,2015,2019,7.57,,,23.85,5.75,8.0,9.149999999999999,28.799999999999997,11.350000000000001,15.7,7.699999999999999
55,Wisconsin,55079,Milwaukee,2015,2019,7.72,,,22.5,5.95,11.0,10.25,36.75,18.0,19.049999999999997,8.85
55,Wisconsin,55087,Outagamie,2015,2019,6.03,,,25.200000000000003,5.65,8.5,9.05,32.95,7.15,16.0,7.3
55,Wisconsin,55089,Ozaukee,2015,2019,7.87,,,22.65,5.9,8.3,8.55,29.5,4.35,12.649999999999999,6.65
55,Wisconsin,55111,Sauk,2015,2019,7.88,,,22.6,6.9,9.600000000000001,9.350000000000001,36.6,9.399999999999999,17.75,7.05
55,Wisconsin,55119,Taylor,2015,2019,5.52,,,21.15,8.0,10.85,9.55,35.75,10.0,19.95,6.45
55,Wisconsin,55125,Vilas,2015,2019,6.11,,,18.15,9.7,12.85,9.5,35.3,11.05,16.75,5.0
55,Wisconsin,55133,Waukesha,2015,2019,8.29,,,22.95,5.6,8.45,8.6,28.65,4.85,13.45,9.3
56,Wyoming,56001,Albany,2015,2019,6.1,,,20.45,4.6,7.0,9.350000000000001,25.6,18.2,14.350000000000001,4.300000000000001
56,Wyoming,56005,Campbell,2015,2019,5.61,,,18.65,5.449999999999999,8.3,9.2,32.900000000000006,8.45,21.2,3.55
56,Wyoming,56009,Converse,2015,2019,5.91,,,17.7,6.8,9.8,9.1,30.55,9.35,18.6,2.8
56,Wyoming,56013,Fremont,2015,2019,5.98,,,15.9,7.6,11.05,9.5,28.700000000000003,14.3,19.549999999999997,7.15
56,Wyoming,56021,Laramie,2015,2019,6.29,,,15.85,6.0,9.75,9.2,29.200000000000003,9.3,17.55,4.25
56,Wyoming,56025,Natrona,2015,2019,6.27,,,17.7,6.15,9.2,9.0,30.95,9.9,20.3,4.55
56,Wyoming,56029,Park,2015,2019,5.31,,,15.8,7.1,9.399999999999999,8.7,27.6,10.25,15.1,3.5
56,Wyoming,56033,Sheridan,2015,2019,5.6,,,15.600000000000001,6.6,9.2,8.6,27.950000000000003,8.6,16.35,6.65
56,Wyoming,56035,Sublette,2015,2019,5.84,,,16.8,6.85,9.5,8.5,26.85,7.0,17.0,4.199999999999999
56,Wyoming,56037,Sweetwater,2015,2019,5.4,,,17.5,5.5,8.8,8.8,33.75,8.350000000000001,18.0,4.9
56,Wyoming,56039,Teton,2015,2019,5.82,,,18.4,4.85,7.1,7.95,21.049999999999997,6.15,12.399999999999999,4.35
